strategy,scenario_id,intent,tone,metric_1_fact_recall,facts_present,total_facts,metric_2_tone_adherence,tone_reason,metric_3_conciseness_clarity,fluency_score,brevity_score,word_count,filler_phrases,composite_score
Qwen2.5 Optimized (Production-Grade),1,Follow up after a job interview,grateful and professional,10.0,4,4,9.0,"The email effectively conveys gratitude and maintains a professional tone, with appropriate vocabulary and sentence structure.",9.5,9.0,10.0,95,,9.5
Qwen2.5 Optimized (Production-Grade),2,Request a meeting with a potential investor,concise and confident,10.0,4,4,8.0,"The email is well-written and conveys confidence, but could benefit from more concise language.",9.5,9.0,10.0,115,,9.17
Qwen2.5 Optimized (Production-Grade),3,Apologize for a delayed project delivery,apologetic and accountable,10.0,5,5,9.0,The email effectively conveys an apologetic and accountable tone through appropriate vocabulary and sentence structure.,9.25,9.0,9.5,124,i am writing to,9.42
Qwen2.5 Optimized (Production-Grade),4,Announce a new company policy to the team,upbeat and clear,10.0,4,4,9.0,The email effectively conveys excitement and clarity while maintaining a professional register.,9.5,9.0,10.0,75,,9.5
Qwen2.5 Optimized (Production-Grade),5,Send a cold outreach email to a potential partner,direct and value-focused,10.0,4,4,8.0,"The email effectively communicates value and is direct, but could be more concise.",9.0,8.0,10.0,161,,9.0
Qwen2.5 Optimized (Production-Grade),6,Request a deadline extension on a university assignment,respectful and honest,8.0,4,5,9.0,The email effectively conveys respect and honesty while maintaining a professional register.,9.25,9.0,9.5,142,i am writing to,8.75
Qwen2.5 Optimized (Production-Grade),7,Notify a client that a subscription is about to expire,friendly and helpful,10.0,4,4,9.0,"The email effectively uses friendly and helpful language, but could slightly improve by making the offer more prominent.",9.0,8.0,10.0,93,,9.33
Qwen2.5 Optimized (Production-Grade),8,Recommend a colleague for a job opening,warm and endorsing,10.0,5,5,8.0,"The email effectively conveys warmth and endorsement through positive language and specific examples, but could benefit from more personal touches or anecdotes.",9.0,9.0,9.0,109,feel free to reach out; i am writing to,9.0
Qwen2.5 Optimized (Production-Grade),9,Escalate an unresolved customer support issue,firm and urgent,10.0,5,5,8.0,The email effectively conveys urgency and firmness but could benefit from more direct language.,9.0,8.0,10.0,76,,9.0
Qwen2.5 Optimized (Production-Grade),10,Send a thank-you note after receiving mentorship,sincere and heartfelt,10.0,4,4,9.0,The email effectively conveys sincerity and heartfelt gratitude through appropriate vocabulary and sentence structure.,9.5,9.0,10.0,120,,9.5
"Naive (no system prompt, high temp)",1,Follow up after a job interview,grateful and professional,7.5,3,4,9.0,The email effectively conveys gratitude and professionalism through appropriate vocabulary and sentence structure.,9.5,9.0,10.0,148,,8.67
"Naive (no system prompt, high temp)",2,Request a meeting with a potential investor,concise and confident,10.0,4,4,8.0,The email is mostly concise and confident but could benefit from a more assertive closing.,9.0,8.0,10.0,114,,9.0
"Naive (no system prompt, high temp)",3,Apologize for a delayed project delivery,apologetic and accountable,8.0,4,5,9.0,The email effectively conveys an apologetic and accountable tone through appropriate vocabulary and sentence structure.,8.75,8.0,9.5,165,feel free to reach out,8.58
"Naive (no system prompt, high temp)",4,Announce a new company policy to the team,upbeat and clear,10.0,4,4,9.0,The email effectively conveys excitement and clarity while maintaining a professional register.,9.5,9.0,10.0,186,,9.5
"Naive (no system prompt, high temp)",5,Send a cold outreach email to a potential partner,direct and value-focused,7.5,3,4,8.0,"The email effectively conveys directness and focuses on mutual value, but could be more concise in some sections.",8.0,9.0,7.0,304,i hope this email finds you; leverage,7.83
"Naive (no system prompt, high temp)",6,Request a deadline extension on a university assignment,respectful and honest,10.0,5,5,9.0,The email effectively conveys respect and honesty through appropriate vocabulary and sentence structure.,9.25,9.0,9.5,172,i am writing to,9.42
"Naive (no system prompt, high temp)",7,Notify a client that a subscription is about to expire,friendly and helpful,10.0,4,4,9.0,"The email effectively uses friendly and helpful language, but could slightly improve by making the reminder less urgent.",9.0,8.0,10.0,149,,9.33
"Naive (no system prompt, high temp)",8,Recommend a colleague for a job opening,warm and endorsing,10.0,5,5,9.0,"The email effectively conveys warmth and endorsement through positive language and personal anecdotes, nearly matching the requested tone.",9.5,9.0,10.0,142,,9.5
"Naive (no system prompt, high temp)",9,Escalate an unresolved customer support issue,firm and urgent,10.0,5,5,9.0,"The email effectively conveys urgency and firmness through its vocabulary and structure, but could slightly improve by using more assertive language in the request section.",9.25,9.0,9.5,251,i am writing to,9.42
"Naive (no system prompt, high temp)",10,Send a thank-you note after receiving mentorship,sincere and heartfelt,10.0,4,4,9.0,The email effectively conveys sincerity and heartfelt gratitude through appropriate vocabulary and sentence structure.,9.5,9.0,10.0,184,,9.5
